{"traj related plots": {"_type": "images/separated", "width": 1800, "height": 1800, "format": "png", "count": 1, "filenames": ["media/images/traj related plots_251_6bbd2c15a4503f915ef7.png"], "captions": ["matplotlib image"]}, "_timestamp": 1706030196.799455, "_runtime": 4956.490947008133, "_step": 251, "loss_0": 1.5501284255193644, "loss_1": 0.6320876720811377, "loss_2": 0.4818867711411713}