{"traj related plots": {"_type": "images/separated", "width": 1800, "height": 1800, "format": "png", "count": 1, "filenames": ["media/images/traj related plots_60_bb5fe62cfed3b7e69db9.png"], "captions": ["matplotlib image"]}, "_timestamp": 1706024190.3646455, "_runtime": 1094.2897083759308, "_step": 60, "loss_0": 2.8687148885070592, "loss_1": 0.6044374165343434, "loss_2": 1.1243335508855705}