{"traj related plots": {"_type": "images/separated", "width": 1800, "height": 1800, "format": "png", "count": 1, "filenames": ["media/images/traj related plots_3_60f04df9dd3066b94346.png"], "captions": ["matplotlib image"]}, "_timestamp": 1706024673.0297067, "_runtime": 61.30918264389038, "_step": 3, "loss_0": 1.199402968138875, "loss_1": 0.5599081099156786, "loss_2": 1.025103947599961}