{"traj related plots": {"_type": "images/separated", "width": 1800, "height": 1800, "format": "png", "count": 1, "filenames": ["media/images/traj related plots_4_56df3f4d30afd8476bc0.png"], "captions": ["matplotlib image"]}, "_timestamp": 1706023018.1493664, "_runtime": 82.20134830474854, "_step": 4, "loss_0": 2.85674163536041, "loss_1": 0.9610955705167719, "loss_2": 1.096456112410864}